Train_No,Train_Name,Source_Station_Name,Destination_Station_Name,days
107,SWV-MAO-VLNK,SAWANTWADI ROAD,MADGOAN JN.,Saturday
108,VLNK-MAO-SWV,MADGOAN JN.,SAWANTWADI ROAD,Friday
128,MAO-KOP SPEC,MADGOAN JN.,CHHATRAPATI SHAHU MAHARAJ TERMINUS,Friday
290,PALACE ON WH,DELHI-SAFDAR JANG,DELHI-SAFDAR JANG,Wednesday
401,BSB BHARATDA,AURANGABAD,VARANASI JN.,Saturday
421,LKO-SVDK FTR,LUCKNOW JN.,SHRI MATA VAISHNO DEVI KATRA,Tuesday
422,SVDK-LKO FTR,SHRI MATA VAISHNO DEVI KATRA,LUCKNOW JN.,Monday
477,FTR TRAIN NO,SIRSA,SIRSA,Sunday
502,RJPB-UMB FTR,RAJENDRANAGAR TERMINAL,AMBALA CANTT JN,Monday
504,PNBE-BTI FTR,PATNA JN.,BATHINDA JN,Wednesday
