Train_No,Train_Name,Source_Station_Name,Destination_Station_Name,days
108,VLNK-MAO-SWV,MADGOAN JN.,SAWANTWADI ROAD,Friday
128,MAO-KOP SPEC,MADGOAN JN.,CHHATRAPATI SHAHU MAHARAJ TERMINUS,Friday
4419,MAO-NZM WINT,MADGOAN JN.,HAZRAT NIZAMUDDIN JN,Sunday
10104,MANDOVI EXPR,MADGOAN JN.,CST-MUMBAI,Monday
10112,KONKAN KANYA,MADGOAN JN.,CST-MUMBAI,Saturday
10215,MAO-ERS,MADGOAN JN.,ERNAKULAM. JN,Tuesday
11086,MAO-LTT DOUB,MADGOAN JN.,LOKMANYA TILAK TERMINUS,Saturday
12052,MAO-DR JAN S,MADGOAN JN.,DADAR,Wednesday
12449,GOA SMPRK K,MADGOAN JN.,CHANDIGARH,Sunday
22413,MAO-NZM RAJD,MADGOAN JN.,HAZRAT NIZAMUDDIN JN,Monday
22635,MAQ INTERCIT,MADGOAN JN.,MANGALORE CENTRAL,Saturday
22907,MAO HAPA SUP,MADGOAN JN.,HAPA,Wednesday
50102,MADGAON - RA,MADGOAN JN.,RATNAGIRI,Mondayd
50108,MAO-SWV PASS,MADGOAN JN.,SAWANTWADI ROAD,Saturdayd
56641,MAO MAQ PASS,MADGOAN JN.,MANGALORE CENTRAL,Friday
70105,MAO-MAQ DEMU,MADGOAN JN.,MANGALORE CENTRAL,Friday
